original,augmented
"geosolutions technology leverage benefon 's gps solution providing location based search technology , community platform , location relevant multimedia content new powerful commercial model .","geosolutions technology leverage Singapore 's gps solution providing high scale scalable technology featuring community platform , location related multimedia data in global commercial model ."
"$ esi low , $ 1.50 $ 2.50 bk real possibility",$ es is now implying 0.50 to 2.50 bk real possibility
"last quarter 2010 , componenta 's net sale doubled eur131m eur76m period year earlier , moved zero pre-tax profit pre-tax loss eur7m .","last quarter 2017 . componenta experienced net sale loss during eur76m period that earlier , moved zero post-tax profit pre-tax ratio over total"
"according finnish-russian chamber commerce , major construction company finland operating russia .","according to-russian chamber hotel , major chain company and operating company group"
"swedish buyout firm sold remaining 22.4 percent stake , almost eighteen month taking company public finland .",swedish buyout firm sold less 22.4 % stake in has eighteen month taking sale of finland stock
$ spy would n't surprised see green close,$ spy would n't hurt by green vest
shell 's $ 70 billion bg deal meet shareholder skepticism,shell 's $ 70 M merger deal despite early skepticism
"ssh communication security corp stock exchange release october 14 , 2008 2:45 pm company update full year outlook estimate result remain loss full year .","ssh makes security corp on exchange website September 14 , 2009 2:45 pm company increases full year outlook estimate result remain below full loss estimate"
kone 's net sale rose 14 % year-on-year first nine month 2008 .,kone sales gross result rose 14 % yr-on-year first 10 month 2017 .
"stockmann department store total floor space 8,000 square metre stockmann 's investment project price tag eur 12 million .","stockmann In store total number of 8,000 storage metre stockmann in 2018 project revenue tag eur 12 000 ."
circulation revenue increased 5 % finland 4 % sweden 2008 .,circulation population growth 29 cent finland 2 % sweden 2008 .
$ sap q1 disappoints # software license . real problem ? # cloud growth trail $ msft $ orcl $ goog $ crm $ adbe http : //t.co/jndphllzq5,$ sap q1 disappoints # software license . real value ? = zero growth trail $ . : .. — goog or crm $ . http ? //t.co/jndphllzq5
"subdivision made sale revenue last year eur 480.7 million eur 414.9 million 2008 , operating profit eur 44.5 million eur 7.4 million .","subdivision made , revenue items item was 372.7 from eur 414.9 million 2008 and operating profit s 88.5 million from 7.4 million ."
viking line canceled service .,viking line message today .
"ahlstrom corporation stock exchange announcement 7.2.2007 10.30 total 56,955 new share ahlstrom corporation subscribed option right company 's stock option program 2001 ii 2001 .","ahlstrom corporation net redemption announcement 7.2.2007 27.30 total 56,955 outstanding share ahlstrom is subscribed option right company issuing common issuing program 2001 2000 2001 ?"
$ fb gone green day,$ fb shares every day
$ msft sql server revenue grew double-digit sql server premium revenue growing 30 % http : //stks.co/ir2f,$ msft last user is in triple-digit sql client premium segment growing 30 % following migration //stks.co/ir2f
"according l+ñnnen tehtaat 's ceo matti karppinen , company aim deliver fish product customer day earlier currently .",according b+ñnnen att 17 11 matti karppinen o FedEx did deliver the shipment 1 day earlier currently .
company 's share quoted nasdaq omx helsinki rautaruukki oyj : rtrks .,company Australian share closed and open par rautaruukki dollar : rtrks data
elcoteq se listed nasdaq omx helsinki ltd. .,elcoteq i 6 : 6 . i. .
two contract turntable anode vibrocompactors delivered gansu hualu aluminum co ltd another unnamed costumer .,two enterprise grade laptops were delivered to for aluminum import ltd another unnamed company by
"aviva , friend life top forecast ahead 5.6 billion pound merger",aviva says friend life top forecast ahead vs.6 per pound anniversary
"stead based soft drink , usual , teho energy drink made fresh water .","stead based light drink , tea , teho hard drink using fresh water solution"
company plan increase unit 's specialist staff several dozen -- depending market situation 2010 .,company plan increase unit 's staff by several dozen -- counting on in 2010 .
company closed last year turnover four million euro .,company closed last week with four million euro at
shire ceo step drive get baxalta board talking,shire ceo lets you get on board membership
costco : premier retail dividend play http : //t.co/fa5cnh2t0t $ cost,costco : Total game development play calculates to bit.co/fa5cnh2t0t a share
"five-storey , eco-efficient building gross floor area 15,000 sq m. also include apartment .","five-storey , eco-efficient building gross total unit 28,000 linear feet. 2 large apartment ."
"first installment cinema series concludes profile finnish inventor olavi linden , whose personal artistic journey work fiskars led dozen design award .","first installment cinema editorial special profile with star olavi linden , whose impressive artistic ambition inspired that led dozen design award ."
welcome .,welcome in
"stockmann swedish sector company ab lindex entered agreement september 30 , 2007 , whereby stockmann , wholly-owned subsidiary , make public tender offer lindex 's issued share .","stockmann al index company ab lindex exclusive agreement on 30 of 2007 , whereby stockmann , non-owned subsidiary , make voluntarily tender a lindex 's market share to"
"huhtamaki oyj stock exchange release , 16.9.2008 13.32 huhtamaki 's capital market day institutional investor analyst held espoo , september 16 , 2008 starting 13.30 pm finnish time .","huhtamaki oyj market exchange release , 16.9.2008 13.32 pm 's active market day institutional investment analyst session espoo , september 26 September 2010 until 13.30 am finnish time ."
`` pleased welcome tapeks noma cramo group .,`` pleased d tapeks x cramo _ offline
- profit tax eur 105.9 82.7 million .,- profit tax of 105.9 29.7 800 EUR
royal dutch shell buy bg group nearly $ 70 billion,royal ocean shell shell bg is nearly Dh 70 billion
"financialwire tm press release service , receives compensation news , opinion distribution .","financialwire No press communications service , No compensation fee or opinion distribution ."
assa abloy kaupthing bank gave ` neutral ' recommendation share price target 174 crown $ 24.7 - 19 euro swedish lock maker assa abloy ab .,assa abloy kaupthing bank gave trade neutral sr recommendation . price target 19 euro v 3.7 ; 19 euro swedish lock maker $ o ab .
"item included restructuring cost eur1 .6 , year earlier eur13 .1 m. diluted eps stood eur0 .3 versus loss per share eur 0.1 .",item included compensation expense eur1 .6 net year sales eur13 .1 %. diluted loss stood 2 .3 ; earnings per year eur 0.1 .
2005 bank posted net profit lt 8.2 mn .,2005 fund posted capital gains lt 8.2 mn euro
$ aapl afternoon selloff usual brutal . get ready lose ton money .,"$ aapl h selloff is brutal . get rich , more money ."
$ tsla recalling pretty much every single model x @ cnnbrk got short even work jump money trade,$ tsla Because pretty importantly every single class x that we got could even work jump your trade
"dolce & gabbana asked european union declare marimekko corporation 's `` unikko `` floral pattern trademark invalid , continuing dispute two company .",dolce & have asked German courts declare a corporation 's `` unikko operating legal pattern trademark invalid amid continuing consultations amongst parties .
intercontinental hotel first-quarter global room revenue lag estimate,intercontinental railroad third-quarter global comparable revenue below estimate
"according finnish pension insurance company varma , varma recipient two third revenue earnings-related pension cover competitive tendering finland .","according the pension tech company varma , HP said certain existing revenue earnings-related programs cover competitive advantage issues ."
"portion , $ 12.5 million , recorded part winning prior patent dispute finnish phone maker nokia oyj .","portion , $ 12.5 million — recorded part winning prior law suit vs telephone maker nokia 808 ."
"l & g still paying price dividend cut crisis , chief say","l o g still anticipated price hikes throughout crisis , chief say"
volume investment two phase project estimated usd 300mn ( eur 215.03 mn ) .,volume investment funded source project of usd 300mn ( ($ 215.03 mn ()) /
"russia accounted 9 % lagardere magazine division 's revenue , eur 114.40 mn ( usd 148.11 mn ) 2009 , usa - 18 % .",russia 1992 31 % lagardere = division 2007 - 2009 eur 160.40 mn ( euro 148.11 mn )) 2009 30 usa - 18 % .
company also estimate already carried investment lead increase net sale 2010 2009 reached eur 141.7 million .,company also had already increased investment lead time net est 2010 2009 to eur 141.7 m .
profit accounting period eur 0.3 mn .,profit accounting provision was 6.3 mn euros
"six brewery recorded 5.2 percent growth domestic beer sale last year 270.21 million liter , 256.88 million liter sold 2005 .","six having recorded 5.2 Years strong domestic direct sale / year 270.21 new bottles , 256.88 made liter since 2005 ."
"august-october 2010 , company 's result tax totalled eur 9.6 mn , eur 0.5 mn corresponding period 2009 .","august-october 6 , 2011 's result tax totalled N 5.6 bil , up 0.5 mn when figures were inclusive"
"systeemitiimi 's sale project resource also strengthened , director paul skogberg said .",systeemitiimi says sale of portfolio also strengthened as chairman paul skogberg announced Saturday
tesco share price jump q3 sale top estimate,tesco share offers jump before sale below estimate
fine print .,fine speech .
price log clearly improved 2009 also price pulpwood gone .,price log flow improved 2009 and price print fell .
"thus , sysopen digia , accordance chapter 14 section 21 finnish company act 29.9.1978 - 734 , obtained title share sentera redeemed .","thus program sysopen s , from chapter 14 section 21 Chapter 2 act 29.9.1978 or c , obtained IP information sentera port ."
diluted earnings per share ( eps ) fell eur 0.63 eur 1.71 .,"diluted profit per share (% eps ), fell form 52.63 t 7.71 ."
"3:37 p.m. eastern time , block 2,400 contract changed hand bid price $ 0.45 .","3:37 p.m. eastern time Tin prices 2,400 m settled ; bid price dropped 0.45 percent"
"recent technology delivery include refinery technology anrak aluminium , iron ore pelletizing plant tata steel iron ore sintering plant bhushan steel .","recent technology announcements include the technology anrak aluminium bearing iron arc refinery plant tata , iron ore coating technology bhushan copper alloy"
$ vip similar pattern like beginning may . u sell ? .. go much higher drop .,$ () !! .. like pattern may fade ! sell ? .. go much higher drop .
firm generated sale 187 mln eur 2005 .,firm la almost 160 mln eur 2005 franc
"stora enso also meeting labor authority , employment economic development centre representative government order find solution .",stora enso for meeting labor authority its employment economic social centre representative also committed to solution .
astrazeneca profit sale stalwart fade,astrazeneca book sale dragged out
"rt @ andrewnyquist chartology : yahoo : http : //stks.co/1itr $ yhoo crazy looking chart , nearing breakout resistance line ...",rt and andrewnyquist chartology : yahoo : http : google.co/1itr going to crazy for chart : low / resistance appear here
bullish stock twitter dip . $ yhoo $ gdx $ googl $ stz $ gold $ ew $ vz $ celg $ sbux $ scty : http : //t.co/iuzjelfwt3,bullish stock twitter following . $ yhoo at gdx $ grains $ soup $ gold @ tomato $ apple $ celg $ git $ http : http - //t.co/iuzjelfwt3
"finnish geosentric 's net sale decreased eur 939,000 january-march 2009 .","finnish 2005 thermal gross income decreased its 939,000 pre-march 2007 -"
"cohen & steer , inc. : 5 534 626 share representing 4.985 % share capital voting right .","cohen & steer , Ltd. : 34 534 net share revenue 16.985 % share earnings and rights ."
staff recruited japan complement network close 50 service location 20 country worldwide .,staff / japan national network close 53 country location 20 country 12 .
"paper company negative territory , stora enso r shedding 1.62 pct 12.73 eur , upm-kymmene 0.80 pct 18.64 eur m-real b 0.18 pct lower 5.57 eur .","paper g g variance , stora m r shedding 1.62 pct 12.73 bil , upm-kymmene 0.80 gross 0.64 eur non-real b 5.18 pct net 5.57 eur ."
kauko-telko 's centralized administration dissolved appropriate part transferred operating activity group administration end year .,kauko-telko municipal electoral board dissolved appropriate the transferred operating activity group administration 7 September 2016
operating profit quarter april-june 2006 amounted eur182 .2 sale eur3 .62 bn .,operating fiscal w 12-june posting profit eur182 .2 sale f 177 bn /
atrium chose delight attract consumer 25-45 age group atrium fresh range microwaveable meal .,atrium chose convenient cafe for 12-45 age group atrium café and microwaveable meal .
"finnish solution provider affecto oyj hel : afe1v said today slipped net loss eur 115,000 usd 152,000 second quarter 2010 profit eur 845,000 corresponding period year earlier .","finnish solution provider affecto i hel : company said today slipped net loss er 115,000 in 152,000 second quarter 2010 profit eur 116,000 in consolidated start to result"
u sanction put gazprom-shell alliance plan jeopardy,u America s gazprom-shell s prime jeopardy
"profit period eur 10.9 mn , eur 14.3 mn 2009 .",profit y eur 6.9 mil yen euro 2.3 mn 2009 .
"profit period eur 5.9 mn , eur 1.3 mn .","profit density constant 5.9 a , value 6.3 b ."
operating profit fell eur 20.3 mn eur 74.2 mn second quarter 2008 .,operating cash fell only 1.3 versus eur 74.2 mn second halves Print Results
"however , sale returned growth april-june 2010 , ceo pekka eloholma said .","however , sale dated 7 January-june 2013 = 4 pekka eloholma 2007 ,"
operating profit totaled eur 18.6 mn 8.3 % net sale .,operating revenues totaled eur 1.6 EUR 8.3 million net FX adjustment
"change market situation tougher price competition substantially reduced demand bread packaging manufactured kauhava plant , according company .","change between prices or price competition also reduced demand bread bananas in kauhava plant , according authorities ."
"connection deal , digia employ 19 person nokia oslo silicon valley usa .",connection deal 1 f employ 19 l n oslo silicon se usa 1
"brazilian unit finnish security solution provider f-secure signed 1,500 new client last year , online news source reseller web quoted division 's commercial director , vladimir brand+úo , saying .","brazilian cyber private security solution provider non-secure signed 1,500 new client last year , according news source Brazilian web quoted division communications general director , com brand+úo , reported ..."
fair value company 's investment property went eur 2.768 billion end 2009 eur 2.916 billion year earlier .,fair value raised in investment property went eur 0.768 yen from 2009 eur 1.916 billion year more and
"dealer said share largely hit investor disappointment refining margin 9.48 usd per barrel quarter performance shipping unit , saw ebit drop 5 mln eur 20 mln eur year amid fall volume tanker rate .",dealer said gain largely off investor disappointment lift margin 9.48 usd on 3 quarter performance shipping unit : saw ebit widen 5 mln eur 20 mln eur from amid knock on tanker rate .
"` testament quality lte solution commitment japanese market ' , added .","` top quality product , commitment to market ' she added ."
company ' aim finalize negotiation sign contract start october 2008 .,company final aim of negotiation final contract start process 2008 .
"metso foundry jyvaskyla oy discontinue production line 30 september 2008 , company said .","metso foundry jyvaskyla ceased extraction activities at 30 June 2004 , company announcement today"
"total six polled analyst rated m-real -- two gave `` buy `` - `` accumulate `` , three gave `` hold `` one gave `` sell `` .",total 10 polled analyst rated m-real -- four gave `` buy - - `` purchase `` and five did `` hold & one gave `` add `` .
"september 2010 , finnish group agreed buy danish company rose poultry a-s eur23 .9 combination cash stock .","september 2012 , finnish group purchased the danish paper rose less a-s than .9 combination prior to issue"
$ yang double bottom 5.2,$ range to bottom 38.2
tesco share price grocer face sfo investigation outcome,tesco spot price grocer awaited sfo bond outcome
$ aapl news becoming bullish http : //stks.co/tmu,$ sh news $ i % is t.co/tmu
"g engineering install valve liquefied natural gas lng plant built uae lng extraction gas plant operator gasco ruwais , uae .",g engineering 4 valve liquefied natural gas manufacturing plant built uae gas extraction cum production by gasco & u uae o
percentage share voting right calculated proportion total number share registered trade register total number voting right related .,percentage proportional voting right calculated monthly total number share voting trade register proportional number disclosed stake related .
"m-real said ` ground ' rumor , ` circulating market month . '","m-real said ` ground ' rumor , reports from late month ' ."
"lember said matter topical also estonia , bill drafted social affair ministry would scrap old-age pension favorable condition .",lember said matter topical also considered that bill regarding social service reforms may scrap old-age pension pot condition .
- moody 's said gave p a1 long-term senior unsecured p p-1 short-term debt rating finnish lender aktia bank 's eur1bn usd1 .4 bn euro medium-term note emtn program 25 march 2011 .,- moody 's said a p t long-term senior unsecured p p-1 first-term note rating finnish t aktia bank 's new usd1 65 bn euro short-term note emtn program 03 march 2012 .
$ tsla recall,$ curl ;
"liquidity providing interrupted may 11 , 2007 aspocomp group oyj 's share traded 0.50 cent ( aspocomp 's stock exchange release 11.5.2007 ) .",liquidity providing interrupted may differ to 2007 : group oyj 's shares increased 0.50 cent after cc 's public trading release 11.5.2007 ). .
hargreaves lansdown buck weak market see asset rise 2.6 percent,hargreaves respond to weak CF core asset lose 2.6 points
"12.59 pm , omx helsinki 25 index 0.32 pct lower 2,694.81 .","12.59 pm . random clock () / 0.32 % at 12,694.81 ."
"decision mean temporary lay-offs fixed duration company 's nastola jyvaskyla unit , southern central finland , respectively .",decision and temporary lay-offs fixed oil company 's 14 business branches for southern suburban city districts respectively .
value order eur 10mn .,value reportedly exceeds 10mn euros
m laakso responsible hkscan 's hr function development group ` smarket area .,m z responsible z z hr function development a ` smarket n d
"fiskars also engaged global supply marine energy equipment solution service associated company , wartsila corporation .","fiskars also leads global specialist marine based equipment solution services associated company called wartsila corporation ,"
aberdeen asset management gain foothold china,aberdeen asset manager industry in china
finland 's dominating rail company vr planning set infected passenger long-distance trip separate carriage .,finland for dominating railway segment vr planning a infected passenger long-distance trip across carriage terminals
"november , finnish government decreased ownership company 31.1 percent 38 percent .","november , every government and insurance company 31.1 percent share points 3"
"finnish exel composite , technology company design , manufacture , market composite profile tube various industrial application , report net sale decreased 0.6 % second quarter 2010 eur 19.2 mn eur 19.3 mn corresponding period 2009 .","finnish exel business , technology : design , manufacture , market analysis , tube and industrial application , report net sale decreased 31.6 % second quarter 2009 s 19.2 mn eur 61.3 mn corresponding period 2009 :"
"bavelloni 's nst 's joint venture , bavelloni tool , completes semiproducts produced italy high-quality tool sold diapol brand .","bavelloni 's nst 's joint venture unit bavelloni fab , provides semiproducts targeted as highest-quality substrate sold as brand tool"
tool patent pending design allows consumer lay entire project removable plate using multiple clear stamp kind .,tool list pending option allows consumer lay entire for removable steel and multiple wood stamp kind .
$ googl short 740 upper bb overbought,$ ¥ $ 740 key levels overbought
"light curfew , curl latest bestseller treat eye perfect reading light luceplan .",light orange . curl this bestseller treat deserves perfect reading light blue .
"upm-kymmene corp. , world 's largest maker magazine paper , tuesday reported 19-percent profit drop lower paper price , higher cost strong euro hurt revenue .","upm-kymmene corp. . world third largest news magazine paper , tuesday reported 8-percent profit jump in sales price , higher cost strong US currency Dow ."
total value contract eur 8 million .,total new contract eur 8 million DM
"prerequisite inclusion program receipt gain key employee acquire aspo share amount determined board advance , maximum .","prerequisite inclusion program receipt gain certain identity number aspo as amount therein shall advance , maximum ."
mr. doring eaton since 1989 acted business unit manager eaton 's power control business unit since january 2007 .,mr. i eaton 21 2005 acted business operation manager GM 's inventory control business unit 7 january 2007 -
"250 sq 2,691 sq ft store copenhagen 's premier shopping district inaugurated today , strengthening company 's presence nordic capital .","250 sq x,691 sq ft New copenhagen 's private leisure resort inaugurated today , strengthening company management influence worldwide wide ."
"financial statement first quarter 2010 , tikkurila reported discontinued operation .","financial forms Fourth quarter 2000 , discontinued during discontinued operation ."
"world 's second largest stainless steel maker said net profit three-month period dec. 31 surged euro603 million u $ 781 million , euro3 .33 u $ 4.31 per share , euro172 million , euro0 .94 per share , previous year .","world 's second largest stainless steel processor said net profit three-month period dec. 31 : euro603 n u $ 781 mill , euro3 .33 u r 7.31 per beat , euro172 million , euro0 .94 per bit , full year margin"
"name applicant : jot automation oyname inventor : mammila tuomo , piirainen mika kellokoski mikaapplication . : 2424-kolnp-2008 adate filing application : 16-06-2008publication date : 30/01/2009",name applicant . jot automation : k : je da s user mika kellokoski t . : 2424-kolnp-2008 adate filing application : 31-06-2008publication date : 04/01/2009
netflix grows effort create loyal customer $ nflx http : //t.co/5qxbkobphe,netflix secret library of original fans $ nflx http website t.co/5qxbkobphe
"omx nordic 40 omxn40 index , comprising 40 traded nordic stock nasdaq omx exchange , closed 0.87 % 1,064.14 point thursday .","omx nordic 40 general index , The 40 top nordic indexes at Nordic exchange has closed 50.87 % 1,064.14 point rise during"
$ aapl nibbling small long via 525 .. buying 13min chart ..,$ aapl nibbling up long positions 525 then buying 13min for shorts
operating margin aker yard cruise & ferry division went 8.3 % 6.4 % first quarter 2007 .,operating margin in bulk vessel & ferry division went 0.3 x 11.4 % first quarter earnings .
"$ tyc break new high , lot technical looking great right .","$ tyc break new high , sort of looking great at time"
"eero katajavuori , currently group vice president , human resource , take year-long sabbatical starting october 1 , 2010 .","eero ) ; currently the IT manager - human activities , take term-long sabbatical : october 1 / 2010 ."
"whats $ lulu ? number looked good , great , good . think conference call instill confidence .","whats using lulu ? number : nice , interesting , poor ; think that call instill confidence ."
adjustment measure carried phase secure delivery capability .,adjustment that carried out secure delivery capability improvement
"alma medium corporation press release 15 march 2010 tyrvaan sanomat paikallissanomat bought suomen paikallissanomat two local paper , tyrvaan sanomat paikallissanomat , appearing sastamala neighbouring municipality , bought suomen paikallissanomat oy .","alma medium corporation press 22 15 march 2010 tyrvaan sanomat two bought a paikallissanomat two local paper , a sanomat paikallissanomat , professional newspaper rural municipality , sponsored by paikallissanomat two ."
"temporary lay-offs , affecting entire workforce , also implemented .",temporary lay-offs - affecting entire plants — also followed .
"meeting medium analyst held day 10:30 a.m. stonesoft headquarters helsinki , italahdenkatu 22 a. interim report presented stonesoft 's ceo ilkka hiidenheimo .","meeting medium analyst each day 11:30 a.m. stonesoft headquarters conference , a 22 a. m interview of stonesoft and industry leader hiidenheimo ."
"finnish sampo-rosenlew manufacture approximately seven forest machine monthly , half machine exported .",finnish sampo-rosenlew manufacture approximately 5 mil animals and only half machine in exports
"facebook , near buy point last week , face different technical test today http : //t.co/c72llmpinm $ fb $ aapl $ nflx http : //t.co/fpfbytypuy","facebook , after another high last week , face different technical response time http http //t.co/c72llmpinm - l $ aapl $ nflx https : halt.co/fpfbytypuy"
"4 february 2011 - finnish broadband data communication system provider teleste oyj hel : tlt1v said wednesday net profit rocketed eur4 .8 2010 eur416 ,000 2009 lifted dividend proposal .",4 february 2009 - finnish national data communication system provider l i hel : tlt1v said annual net profit attributable eur4 .8 2010 eur416 above 2009 2011 dividend target .
$ free ha heeeeeere come pump ! glad picked 9k end day ! get ready bull ride !,$ free ha heeeeeere was down ! glad on 9k end day someone has an bull ride .
"finnish technology group aspocomp group oyj ( omx helsinki : acg1v ) issued third quarter report thursday ( 13 november ) , posting operating profit eur0 .4 , compared loss eur0 .5 third quarter 2007 .","finnish technology group Software group oyj ( French hel : acg1v ) issued this quarter ends thursday ( 13 november ) 2018 implying operating surplus eur0 w , compared loss eur0 f third quarter 2007 ."
"building complex consists high-quality office retail space totalling 49,200 square metre , company said .","building complex consists high-quality food retail area totalling 49,200 square kilometres company company explained further"
finnish insurance company fennia kesko group ending loyal customer cooperation .,finnish insurance company now seeking an ending loyal entire value chain
unit planned operational second half 2007 full stream 2008 .,unit planned 2015 second half 2007 second stream 2008 2013
"itg 's share deal estimated 500,000 euro $ 627,000 .","itg Per share size was 36,000 per $ 6,000 ."
plant expected enter commercial operation mid-2009 .,plant and enter in operation Jan-2009 .
aspo also investigated sale opportunity kaukomarkkinat 's electronics business .,aspo Group withdrew its request for industrial electronics business .
bg group appoints new ceo one month early,bg Korea appoints Republican president one month early
acquisition immediate positive impact aspocomp 's financial result .,acquisition brings positive enhancement to 's revenue performance .
"finnair 's passenger load factor , measure number sold seat share available seat , dropped 1.3 percentage point 76.7 % september .","finnair net passenger ratio exceeds , average passenger members versus share available seat positions dropped 1.3 percentage form 76.7 % in ."
rt @ bman1 $ lng look primed also $ eght poised run ...,rt @ bman1 $ 1 -- primed also when q would run lower
also 7.7 pct 12-month volume weighted average price stock .,also 7.7 pct 0-month volume from relative currency deviation .
coke dividend - 3 % . google dividend - 0 % . passive income coke take . $ goog $ ko http : //t.co/qbsowjxost,coke dividend | 3 ? . google dividend -- 1 % . Google : coke ? . $ ? $ ? http : //t.co/qbsowjxost
"profit tax eur 5.4 mn , eur 3.6 mn year earlier .","profit tax at 1.4 mill , eur 4.6 mn a earlier –"
subsidiary setting facility manufacturing high-density interconnection printed circuit board pcbs nokia 's special economic zone sriperumbudur near chennai .,subsidiary setting aims at unit-density interconnection of circuit board pcbs nokia 's huge usage area from near Chennai in
$ crm sep 40 call +35 % since entry # bang http : //stks.co/dedm,$ crm run 40 call +35 -- since entry at : perl / grep.co/dedm
"january-june 2010 , diluted loss per share stood eur0 .3 versus eur0 .1 first half 2009 .","january-june 2010 , diluted loss – diluted of about .3 versus about .1 the week as ended"
rapala said estimate make saving 1-2 mln eur year centralising french operation one site .,rapala said estimate be extra 1-2 mln eur switching from french farming to site only
$ vmw got nice push today following small sweeper may c morning,$ neighbors get nice push notifications following heavy sweeper may yesterday morning
topped consensus forecast earnings 0.21 euro share .,topped consensus with earnings 2.21 per share week
r & loan ) .,r max loan ) 3
"future , company intends look know-how outside company cooperate actor sector .","future , company intends an out-how outside analysis cooperate the sector :"
"need ready window open , rosberg said .",need ready they open as Chen said .
"50,000 tonne asphalt mix used contract .","50,000 tonne asphalt plant installed contract size"
"pa ) , jpmorgan chase co ( nyse : jpm ) pohjoa bank joint lead-managers senior , unsecured deal .","pa a , c & co ( nyse : ): which pohjoa two joint sub-managers senior d and l ."
$ ctrp breaking good vol parser buy signal .. noticed bob langs comment looking 48 fast,"$ ctrp breaking news vol c buy me , noticed bob langs comment # 48 .."
"sale finland decreased 10.5 % january , sale outside finland dropped 17 % .",sale net decreased 0.5 % january ended 2016 sales finland gained 17 % .
"pulp production finnish kemij+ñrvi also liquidated 1,100 employee loose job .","pulp – 16 m+ñrvi – liquidated 1,100 gram beach balls ."
nordea cheapest also couple 30 debt .,nordea forecasts between couple 30 debt targets
"jussi pesonen , member sampo board since 2006 , renounce seat sampo board .","jussi i , Chair sampo board until 2006 , wins all voting position ."
"tesla recalling 2,700 model x car : http : //t.co/8z7bkvstl9 $ tsla","tesla release 2,700 Models K car updates there are salt.co/8z7bkvstl9 Via link"
"adjusted change group structure , division 's net sale increased 1.7 % .","adjusted change in structure , division group net profit increased 1.7 m f"
"making matter difficult , company said grappling higher oil gas price , pushed cost energy , raw material transportation .","making matter difficult , they said grappling reducing energy industry consumption , pushed cost energy , raw material transportation expenses"
amending proposal simplifies proposed plan increase incentive key employee stay company .,amending proposal simplifies tax increase increase employees through employee benefits company .
solution expanded include ground staff task .,solution options include ground surfaces for .
"operating loss totalled eur 3.2 mn , compared profit eur 7.2 mn third quarter 2008 .","operating revenue x eur 2.2 b , operating profit = 15.2 mn third FY 2008 ."
"# fedday looking sharp move equity $ aapl $ hd $ low $ fb seeing $ uvxy $ tvix getting hammered , even though market .",# fedday selling soft for equity $ aapl $ rise $ low $ been seeing lower close e tvix getting hammered $ even sell market .
"net sale totaled eur 93.6 mn , eur 93.2 mn corresponding period 2005 .",net sale be eur 93.6 pop und eur 93.2 euro corresponding 7 years -
consequence work council withdrawn petition suspend reorganisation .,consequence minor council changes ; suspend reorganisation .
ceo erkki j+ñrvinen happy company 's performance 2010 .,ceo erkki se+ñrvinen happy 16 k 400 per euro
"comparable net sale expected increase 10 % 2008 , line group target .","comparable trade profits to increase 10 % 2008 , line group period 2008"
"following transaction , lundbeck worldwide right nalmefene , excluding north america , mexico , turkey south-korea .","following China over the worldwide right margin , excluding north Russia so including a turkey sun-korea ."
"government started sell-off last month , putting 8 percent stake teliasonera auction bloc .",government share sell-off 10 month later putting 8 cents below teliasonera auction bloc dump
"report go provide detailed profile ten leading european specialty chemical company , brief profile major player .","report go deep benchmark profile ten fast growing specialty medical company , brief and major player ."
"operating profit net sale three-month period increased , respectively eur16 .0 eur139m , compared corresponding quarter 2006 .","operating profit net sale three-month period increased , and was - eur139m compared on the October 2016 profit"
company expects net sale whole 2009 previous year level .,company expects comparable sales whole above previous year level .
"company headquartered sievi , finland , listed nordic exchange helsinki .","company business Helsinki , US , listed other entity helsinki group"
"commission income increased 22 % eur 4.4 mn , lending volume rose 13.5 % .","commission income jumped 22 cents (+ 4.4 T , lending assets climbed 13.5 % )"
"finnish company sold uk operation - consisting 50 staff office london , birmingham manchester - part deal hampden july 2001 european-wide property casualty arm sampo industrial .","finnish company i uk based - consisting 50 staff , london the birmingham & - with deal due july 2001 Europe-wide property industry arm i industrial ."
"building home improvement trade , sale decreased 22.5 % eur 201.4 mn .","building home auction trade , sale gain 6.5 % vs 9.4 mn yuan"
"innova 2 building located close downtown , immediate vicinity paviljonki travel center , within walking distance heart city thanks trade fair bridge .","innova elementary schools located close downtown in clear vicinity of road plaza , within short distance heart city thanks trade finance bridge ."
"finnish textile clothing group marimekko oyj posted net profit 7.99 mln euro $ 10.4 mln 2006 , compared 8.4 mln euro $ 10.9 mln 2005 .","finnish consumer textile group marimekko () posted net revenue 7.99 mln euro $ 10.4 mln 1998 , € 8.4 mln net $ 47.9 million 1995 ."
main strength cooperation project lie merging know-how two large company .,main strength development project and poor know-how two large company engineers
shareholder right put agenda agm item within competence general meeting .,shareholder right put an agm closing of competence regular meeting .
kazgiprotsvetmet outotec finland signed agreement strategic cooperation marketing providing mineral processing metallurgical plant related service kazakhstan surrounding country .,kazgiprotsvetmet & finland gas agreement strategic cooperation agreements providing gas processing metallurgical machinery supporting commodity companies and countries .
"due rapid decrease net sale , personnel reduction carried wider scale initially expected .","due rapid turnaround at revenue , personnel reduction carried over scale initially felt ."
government instead proposed exchange state 's stake lmt teliasonera 's stake lattelecom .,government wary of losing half owned stake lmt government 's business lattelecom .
stora due release fourth-quarter 2009 full-year earnings feb. 4 .,stora would release fourth-quarter 10 tax-year numbers Tue. 4 2010
full-year operating result 2008 3.6 million negative .,full-year operating profit turned 6.6 percent negative .
$ nq got hit hard lower -- > look like found support 18.89 http : //stks.co/s052z,$ nq is much much lower for some changes I found in 18.89 http ? //stks.co/s052z
"2008 , avc systemhaus net sale eur 10 million usd 7.1 .","2008 , avc 2017 – maximal eur 40 000 usd 16.1 ."
"company established 3g base station 17,000 foot foot mount everest enable mountain climber 29,035-foot summit surf internet even send video exploit .","company established air base building 19,000 feet foot mount will enable mountain climber 18,035-foot high surf internet even without a exploit report"
offer customer solution based renewable raw material .,offer higher profit through renewable raw material .
survey conducted taloustutkimus sampo life show company badly prepared losing key staff member .,survey done online - life show group gets prepared losing key group member arrested
"antti orkola , president kemira growhow 's industrial solution unit , told thomson financial news company put opening mine price phosphate ` quite depressed long time ' . '",antti : o te kemira treasury 's industrial economic unit management told thomson financial services company put opening mine a phosphate ` been depressed any time ' . '
pretax profit group 's life insurance business increased eur36m eur27m .,pretax falls after 's results after turnover increased EUR eur27m .
make available following brand-new market analysis cement - pakistan cement - malaysia cement - taiwan cement - philippine analysis give clear overview actual situation future outlook cement industry asian country .,"make contribution following brand-new business intelligence reports - pakistan cement exports malaysia cement , taiwan cement - philippine analysis give clear overview at present future in cement industry asian . ."
"company serf approximately 3,000 customer 100 country .","company forcibly fired 3,000 people throughout country ."
rt @ alphatrends vmarkets still acting weak http : //stks.co/1agn $ spy $ qqq $ xlf $ smh $ iwm,rt @ ! vmarkets ! operating illegally at : little.co/1agn $ spy ? vim $ git $ smh . iwm
"operating profit totalled eur 30.2 mn , eur 43.8 mn year earlier .",operating assets totalled eur 23.2 million rising from 10.8 mn year earlier )
"one installed elevator double-deck elevator , enables efficient use building 's core space .","one installed elevator double-deck pool , further efficient maintenance Of 's core infrastructure as"
helsinki ( afx ) - outokumpu said agreed sell hitura nickel mine finland canadian group belvedere resource ltd 10 mln eur worth belvedere share .,helsinki ( afx ) - owner said December 1 hitura nickel mine finland canadian share and resource on net millions eur plus belvedere capital .
went long $ ilmn,went $ $ il
`` social networking location-based service trend comprise significant share internet traffic today appealing mid user .,`` Wireless networking software-based service format . They share internet traffic from appealing mid user .
total 30 % order value booked fourth quarter 2009 remainder booked second quarter 2010 .,total 30 month order data booked fourth quarter 2009 remainder year second quarter 2012 backlog
johnson matthey share price slump company post full-year result,johnson steel share fall as company post full-year update
previous share subscription 2004 stock option .,previous share ranking 2004 stock performance date
affectogenimap build highly customised solution customer finland baltic country .,affectogenimap build on customised highly customer based amino acid products
"closing transaction scheduled take place january 10 , 2008 .","closing hearing scheduled fo place january 10 , Jan 2012"
"however , offering probably made current valuation , partly derives deal company merged stock market shell .","however tender offering did not current cheap , partly as deal company merged inside market shell ."
"operating result 12-month period decreased profit eur0 .4 turnover decreased eur5 .6 , compared 2004 .","operating during 12-month periods Net total eur0 .4 sales decreased eur5 , as compared 2004 decrease"
administrator indicated need 900 job cut irish insurer next 15 month .,administrator reveals concern for wait for irish insurer next 15 month .
net sale 2008 expected level 2007 .,net result 2008 expected level 2009 balance
technical indicator stock bullish & p give nok positive 4 star 5 buy ranking .,technical indicator stock bullish & p give nok positive 4 positive for great ranking +
"revenue quarter totaled 27.4 billion , 2 percent 28.1 billion fourth quarter 2008 .","revenue quarter at 27.4 billion , declining percent 25.1 billion in fiscal 2017 ."
n-viro operates processing facility independently well partnership municipality .,n-viro meat processing facility independently or under municipality partnership
number bodily injury case quadrupled 2000-2006 .,number of injury in fall 2000-2006 .
"according ringman , finnish paper company acquired know-how capacity paper recycling , turned successful strategy .",according me : this paper company acquired hand-how from paper manufacturing as turned successful strategy .
company also said poland profitability program launched oborniki steel frame sandwich panel plant .,company also said poland profitability program supports stainless steel with aluminum panel plant development
u.s. energy executive say high steel price threatening energy exploration .,u.s. energy lobby believes high steel price means energy sources work
tesco sale rise show tentative recovery continues,tesco sale rise suggest recovery momentum continues
"finland , launch tie-in sale 3g mobile phone cause dramatic rush mobile retail outlet first day .","finland , LG tie-in sale 3g android phone making a rush mobile retail when first sells out"
$ nuan held well big gain ! maybe 're finally move ! ! still undervalued major upside,$ i held relatively big gain ! maybe make bigger move ! yet still undervalued major ^
"company split two part coming month , essent owning operating production supply , enexis owning operating grid .","company sharing operating share shares out – customer owning operating production supply , enexis owning operating grid ."
official disclose contract value .,official negotiated contract documents .
"london 's leading share today jumped almost 100 point , 1.7 % , market opened .",london 's leading share today jumped for an of an 20.7 % before market opened .
"third quarter fiscal 2008 efore swung net loss eur 400,000 versus net profit eur 200,000 corresponding period fiscal 2007 .","third quarter 2011 2008 efore swung net of eur 195,000 versus a revenue eur 570,000 during period in 2005 ."
"group 's operating loss eur 0.8 mn , profit eur 2.5 mn 2004 .","group 's Net loss Euro 0.8 euros , profit euro 52.5 million 2004 FY"
move triggered weak demand forestry equipment uncertain market situation .,move on weak German forestry equipment uncertain demand situation .
combined company pro-forma net sale 140 mln euro $ 188.9 mln operating profit 13 mln euro $ 17.5 mln 2006 .,combined company para-forma volume sale 200 mln USD $ 188.9 mln € revenue 230 mln EUR -- 17.5 z 2006 .
managing director kari inkinen say sponda 's leasing operation developed highly favourably .,managing van kari v The sponda car leasing operation developed a favourably since
17 march 2011 - goldman sachs estimate negative prospect norwegian mobile operation norway 's telenor asa osl : tel sweden 's teliasonera ab sto : tlsn short term .,17 march 2017 - goldman price estimate - prospect norwegian mobile - norway n currency asa 1 : tel sweden 's val ab sto in medium short term .
"$ tsla steaming , stock relentless moment",$ tsla s smile and relentless moment
marathon estimate value remaining stake protalix $ 27 million .,marathon exchange value for stake protalix ~ 27 billion .
whitbread share price climb q4 sale growth,whitbread share fall follows q4 after growth
incap contract manufacturing subsidiary incap corporation finland .,incap contract manufacturing subsidiary through our finland facilities
"operating profit totaled eur 37,7 mn , slightly eur 37.2 mn corresponding period 2006 .","operating profit by about 88,7 million , slightly down 37.2 billion corresponding period net loss"
"went market yield guidance 7.25 % area , gave u flexibility go 1-8th .","went market yield is 44.25 percent now , i u flexibility go 1-8th level"
"rt @ stockdemons think shorting close might play , $ spy - high beta reversing .. look worth shot","rt @ stockdemons $ shorting issues might stick , $ spy $ low beta reversing .. look at pursuing"
"vdw combined lxe device enhances productivity , enabling worker use single device perform voice , scanning keyboard function .","vdw combined lxe which enhances interfaces , enabling users use single device as each input use keyboard function ."
"thus method cut working cost , fasten planning building process .","thus method cut working load , time site building process ,"
talentum 's net sale september smaller expected .,talentum FY net revenues far smaller expected estimate
copyright afx news afx financial news logo registered trademark afx news limited,copyright breaking news afx trademark news operating form trademark afx news section
$ lnkd daily phase 2 retest - price experiencing early rejection . retest ? http : //stks.co/t04xx,$ 0 daily phase 2 retest of price experiencing v rejection . fork ( price => bitcoin.co/t04xx
rb reportedly appoint howard davy next chairman,rb also appoint howard to acting chairman
"tesco , asda sale fall march discounter continues-kantar",tesco FY share sale drops after discounter p-kantar
`` new version important u introduce bim process based detailed building information model .,`` and two important changes introduce bim process based detailed inspection of model .
sampo plc jarmo salonen head investor relation group communication tel . +358 10 516 0030 distribution : nasdaq omx helsinki principal medium financial supervisory authority www.sampo.com announcement distributed thomson reuters behalf thomson reuters client .,sampo plc jarmo salonen / investor relations group communication : . +358 10 5 0030 distribution : nasdaq omx helsinki principal medium financial supervisory authority www.sampo.com announcement () link reuters < () . or .
. @ barronsonline see # apple $ 150/share year ( +36 % today ) growing service business . $ aapl http : //t.co/3bdnekn7l1,. @ barronsonline $ @ apple $ 150/share year ( 5 p today ) growing service products sales and aapl assets were t.co/3bdnekn7l1
pharmaceutical market poland global research & data service published recently market analysis pharmaceutical market poland .,pharmaceutical market : global research & forecast analysis published recently about analysis pharmaceutical research and .
altogether finnair canceled 500 flight strike .,altogether finnair canceled a man strike yesterday
"employer , together health personnel , support quitting pay part cost nicotine treatment .","employer , state tobacco plan , support quitting pay to cost nicotine treatment costs"
pretax loss totaled eur 117mn compared loss eur 65mn corresponding period .,pretax which totaled eur 23 compared wi eur 13 corresponding to of
order includes 48 ship crane delivered 12 container feeder built wenchong shipyard china .,order up 48 ship containers delivered + container feeder built into boat with .
"copper , lead nickel also dropped ... hbos ( hbos ) plummeted 20 % 70.3 penny saying year+ó ? ?","copper , food ingredient stocks falling ... hbos ( p ) down 50 % 2.3 m saying year+ó ? ?"
$ goog testing 200 day consolidation http : //stks.co/h0cpj,$ goog testing every element verification algorithm : bit.co/h0cpj
"join technopolis kone held various position within group , recently director service business business development kone middle eastern operation .",join now kone held no position selling services other as director service business business development kone expanded eastern operation .
"succeeded increasing market share sold apartment `` , comment mr kari kauniskangas , head yit international construction service .",succeeded increasing market share of apartment `` apartments say mr r b in head yit international joint work bureau
"profitability ( ebit % ) 13.9 % , compared 13.1 % previous-year period .",profitability $( ebit % ) 8.9 down from compared 10.1 for previous-year period analysis
"finnish geosentric 's net sale decreased eur 939,000 january-march 2009 .","finnish uranium mining net sale > € 8,000 end-march into 2016"
"plant scheduled completion late february 2007 hand area january two supplier nokia - aspocomp group oyj perlos - announced plan establish plant within nokia complex together , invest r 365 crore .","plant scheduled completion c february 2007 in area of two supplier nokia local media group oyj perlos - strategic investment in that join nokia complex together , invest r 365 crore ."
- upm-kymmene upgraded ` in-line ' ` underperform ' goldman sachs .,- H-kymmene ( with A-line ' in underperform - plus sachs -
slump weir lead ftse record high,slump down on ftse fly high
"jan. 6 -- ford struggling face slowing truck suv sale surfeit up-to-date , got ta -have car .","jan. 6 China ford upbeat on slowing truck and sale business year-to-date , hopes ta -have strong sales"
"royal mail 'breached competition law ' delivery service change , ofcom claim","royal = 'breached competition site ' web service change , new files"
"cooperation involve arena partner buying 35 % share new joint venture company , operating alma medium 's home sale , vehicle consumer advertising marketplace business .","cooperation involve arena market buying 35 % share new money venture business , profits from medium distance home sale selling vehicle and advertising marketplace business format"
efore plant saarijarvi central finland one largest employer region .,"efore plant trees central mountains , other mountain region ."
however short-term rental becoming popular .,however the-term rental become ubiquitous .
emsa deputy chairman board juri lember told bns wednesday first time heard strike swedish side informed estonian union yet .,emsa deputy conference board juri s told press has first staged a strike swedish and informed estonian caucus leader .
tesco close new chairman dixons carphone 's john allan frame,tesco 2008 financial chairman dixons it 's john john comments
"device offer multimedia performance along host productivity application , including live stock price .","device . multimedia application or host productivity benefits , including market stock price ."
"sale climbed 19.2 pct 1.002 bln eur , surpassing 953 mln eur consensus figure .","sale jump 9.2 pct 13.002 billion eur , vs 800 mln eur | figure 1"
$ fb turn back early trading .... http : //t.co/reuf5pzhbm,$ f went off early today .... here is mac.co/reuf5pzhbm
"utah 's capital wanted next u.s. headquarters amer sport corp. , ski-equipment company .","utah 's sports office As n.s. headquarters of sport corp. , construction-equipment plans named"
old mutual first-quarter sale 18 % buoyed emerging market,old mutual first-quarter US dollar shares buoyed emerging Asia
"dividend payable february 1 , 2010 shareholder record january 19 , 2010 .","dividend payable Feb 1 , 2019 shareholder record january 6 30 2019 effective"
"sale finland decreased 10.5 % january , sale outside finland dropped 17 % .",sale finland decreased 10.5 cent january 09 2011 sales finland dropped 9 cent .
"furthermore , bunge also sign licensing agreement sunnuntai carlshamn mejeri brand .",furthermore Shin bunge also issues licensing form sunnuntai carlshamn to company management
"kesko corporation stock exchange release 28.02.2008 09.30 1 ( 1 ) kesko corporation aspo plc today signed agreement aspo acquires share capital kauko-telko ltd , subsidiary wholly owned kesko .","kesko results stock exchange release 01.02.2008 18.30 1 00 1 ) kesko multinational corporate plc today signed agreement aspo acquires share capital ana-telko ltd , our wholly own operation ."
$ lulu # outlook # q1 2013 # lost revenue range $ 12 million $ 17 million -not good,$ - # outlook # forecast 2013 # annual revenue range Q 16 million $ 17 millions -not specified
mobile communication wireless broadband provider nokia inc nyse : nok today set new financial target forecast nokia mobile device industry also nokia siemens network mobile fixed infrastructure related service market .,mobile communication wireless device provider nokia inc nyse : nok have set low financial target forecast the mobile infrastructure industry also - mobile network and fixed infrastructure networking service industry .
"poyry plc additional information : heikki malinen , president ceo , poyry plc tel . +358 10 33 21307 poyry global expert consulting engineering .","poyry plc additional information . Alan Williams , global ceo , poyry plc tel . +358 77 20 2000 for global expert consulting and solutions"
danish company flsmidth acknowledged violated patent held finnish metso .,danish — Previously acknowledged using code held finnish 2003 .
amanda capital investment 22 private equity fund 200 unquoted company mainly europe .,amanda market structure 22 private placement into an unquoted company mainly europe .
"net interest income eur 39.3 mn , eur 32.7 mn .",net interest ( eur 0.3 s ) and 37.7 mn .
"jeder beta-tester erh+ñlt kostenlos sechs monate lang update und hat laut eigener aussage die m+âglichkeit , die finale version zu beeinflussen .",jeder EU-tester erh+ñlt kostenlos sechs Tag lang und g includes in eigener Version die f+âglichkeit und die finale version zu START .
"jp morgan expects scala lower nobel biocare 's growth forecast 2007 current guidance 23-25 pct , well operating margin target current 34-35 pct .",jp la del scala lower global biocare 's performance forecast 2007 current level 23-25 pct revised to operating the target current 34-35 cents ?
aviva promise higher dividend boost flagging share price,aviva promise growing revenue with flagging share price
"addition , mids always online enable full internet browsing .",addition of mids always online enable multiple internet surfing sessions
"fiskars strong portfolio international brand , include fiskars , iittala , gerber , silva buster .","fiskars strong , international business , the model , iittala , brand und a buster ,"
# tesla : model x recall add reliability issue $ tsla http : //t.co/jvxq4doxnp,# crash :: // error test / reliability issue : -- http | //t.co/jvxq4doxnp
name buyer disclosed .,name gender disclosed none
net sale vegetable oil business rose eur 10.6 mn eur 10.1 mn .,net sale FY 2008 business profit - 13.6 mn eur 3.1 mn euros
"agreement benefon 's forthcoming range twig integrated gps navigation mobile phone device use jointly developed web-based tracking location technology , consumer commercial application .","agreement benefon 's in second twig of gps on mobile wireless device use jointly by web-based tracking system systems , consumer focused application areas"
"following increase huhtamaki 's registered share capital eur360 .62 number share outstanding 106,063,320 .","following increase on 's first existing issue of 100 shares Total outstanding 106,063,320 Shares"
"three year turn-around program expected ensure salomon 's future competitiveness , company said .",three months work-around program can support company 's future competitiveness .. company said .
"autumn , plan expand service st. petersburg moscow launch service yekaterinburg , russia , flying three time week .","autumn , also expand service worldwide. o moscow launch . yekaterinburg launch new in the three day week ."
"company 's profit totaled l 578,100 h1 2007 , 30.9 % year-on-year .","company l q n l 5,100 h1 2007 or 15.9 pc years-on-year ."
federal secretary transport communication mexico awarded poyry mexican partner sintra consulting contract connection buenavista-cuautitlan suburban railway .,federal control de communication mexico y un mexican partner que el en connection al-cuautitlan y hotel .
fda approves astrazeneca drug advanced lung cancer,fda approves astrazeneca drug treating ovarian cancers
order included metso 's fourth quarter 2007 order backlog .,order included Update to final quarter 2007 order backlog of
lieksaare oy earlier regarded control saarelainen oy individual shareholder shareholder agreement .,lieksaare except earlier date 2018 and oy individual shareholder relations agreement 2018
"ragutis , controlled finnish brewery , reported 5.4-per-cent rise beer sale 10.44 million litre held 11.09-per-cent market share .","ragutis historically controlled finnish assets , a 5.4-per-cent premium for sale 18.44 cents litre with 34.09-per-cent market shares ."
$ mcp rolling new intraday low . bottom picker continue get destroyed,$ m makes new intraday low — Stock picker continue get value
company annual turnover eur32 .8 .,company annual profit eur32 4 billion
has80 branch finland annual revenue finland ?,has80 branch income fee revenue finland fees
"portfolio comprises 118,000 m2 leasable space vacancy rate roughly 5 % , let around 140 tenant two largest swedish government ericsson .","portfolio comprises 118,000 lots leasable Current vacancy rate at 3 % Average let by 140 tenant , largest on government owned market"
wpp boost sale despite cautious client,wpp boost stock as cautious client
medium-term operative target company remain unchanged .,medium-term costs at company remain unchanged from
"adp news - feb 13 , 2009 - finnish retailer kesko oyj hel : kesbv said today total sale , excluding value added tax vat , stood eur 661.3 million usd 853.1 january 2009 , 15.2 % year-on-yea","adp news 04 feb 13 / 2009 - finnish retailer � oyj hel t kesbv t today energy spending , without value added tax vat , stood eur 661.3 million usd 2013.1 january 2010 , 15.2 % year-on-yea"
`` consumer well received packed fresh meat .,`` consumer have received like fresh fruits .
corrected chapter entirety .,corrected Aug 23 .
"major part delivery include different ac cxe amplifier solution product dinh telecom , company acquired teleste last spring .",major part in include c ac cxe network solution and dinh telecom equipment company acquired September last year .
"tietoenator us nokia 's intellisync mobile suite 's wireless email , calendar , device management capability , company extend service customer .","tietoenator us . An innovative messaging suite offers wireless email , voice , device download capability , and extend service search data"
provide heating form hot water sawmill 's need .,provide heating to hot spring sawmill 's instead of
"however , net sale declined eur 803.6 million eur 1.2 billion .","however , net debt declined eur 0.6 u EUR 1.2 m euro"
"second quarter 2010 , raute 's net loss narrowed eur 123,000 eur 1.5 million period 2009 .","second quarter 2016 , raute 's adjusted loss narrowed eur 123,000 for 27.5 after tax before :"
"$ dgi technical alert : gilligan 's island buy setup , stochastic buy signal , lizard bullish , hammer candlestick , wid ... http : //stks.co/c29nu","$ perl echo alert : gilligan paper island / setup + negative buy signal , trigger bullish , hammer neutral , pivot ... http — //stks.co/c29nu"
"record date dividend distribution march 14 , 2008 .","record last dividend distribution Dec 14 , 2016 ."
( & h ) move enhance growth .,( & p ) move = p .
"ebrd using fund provide 21.6 million loan b portion 10 million euro syndicated two finnish commercial bank , nordea bank finland plc 7.7 million euro pohjola bank plc 2.3 million euro .","ebrd using fund loan 16.6 million int b portion 5 million euro by two company commercial bank , nordea bank finland plc 7.7 000 euro pohjola bank loan 27.3 million in ."
"stockholm , 3 march 2011 cybercom cybercom group high-tech consultancy offer global sourcing end-to-end solution .","stockholm , 3 November , Norway cyber says fin-tech representatives offer global sourcing ends-to-end solution ."
said losing five family month economy many make alternative arrangement save money .,said losing five straight month economy many to alternative to spending money .
"milan ( afx ) - italian shipping group grimaldi increased stake finnish company finnlines 35.4 pct 30.5 pct held june , according news agency ansa .",milan 3 afx ) owner italian shipping agency grimaldi increased stake finnish company finnlines 35.4 pct 12.5 months to March 1 according spy agency ansa news
"commenting deal , shane lennon , svp marketing & product development gypsii said : ?","commenting deal breaker Richard lennon marketing and marketing & product management "" said … ?"
"external net sale printing business fell 43.7 % , partly due termination printing contract ilkka-yhtyma 's printing house i-print oy sector player hs medium ab december 2009 fall printing price .","external net euro printing business fell 14.7 % , partly cause poor printing contract ilkka-yhtyma 's printing house i-print oy Greece , hs large part of 2009 fall printing price deflation"
"group intends relocate warehouse office space loudeac saint marcel morvillars , east country , already operates hook manufacturing distribution unit .","group intends relocate the office space loudeac saint aux morvillars de Dominican country , already considered a manufacturing distribution hub north"
"firm headquartered vantaa , southern finland 16 employee .",firm of vantaa — southern Africa 16 employee count
"1.33 pm , omx helsinki 25 0.30 pct lower 2,463.67 omx helsinki 0.37 pct 8,537.42 volume 256 mln eur .","1.33 billion , omx price 25 0.30 pct lower 2,463.67 lb 68 0.37 lb 2,537.42 175 256 million stocks traded"
"honored recognized gartner specialist business process modeling analysis , company many largest software vendor world .","honored in among specialist business process transformation analysis , by many over analytics vendor world ."
"westpac banking corp - issue benchmark , 3 year frn deal euro .",westpac bond corp - Singapore benchmark dollar seven year frn $ euro .
"includes company brand share data category , well distribution channel data .",includes company Per share data category plus well distribution distribution information .
new share subscribed stock option shareholder right commence date entered trade register .,new share subscribed 50 per shareholder right after date 2018 trade register .
$ aapl price momentum weakening going close .,$ aapl and momentum weakening late in .
acquisition solteq expand solution offering microsoft 's dynamic business software product .,acquisition of operating solution by microsoft on dynamic business software production layer
"company 's profit totaled l 134,700 .","company 2016 profit totaled l 134,700 shares"
"leed internationally recognized green building certification system , developed u.s. green building council .",leed internationally The green building certification was included in u.s. energy houses council .
"however , market share shrank 47.59 per cent 48 per cent year earlier .","however , that share dropped 47.59 points against 48 percent old year earlier ."
talktalk hire bae system investigate cyber attack,talktalk hire bae dives into cyber chat
look like booking one way ticket 40 week near 50. losing 10 week $ lulu http : //chart.ly/7xb9h9b,look like adding another way gets 40 A near miss. See 4 week $ lulu discount : bit.ly/7xb9h9b
"ftse led lower & , glaxosmithkline","ftse include analysis & support ,"
exercise price option based safran software solution ' license maintenance sale well result company .,exercise price limitation on safran software solution ' license for sale well maintained management stated
full-year operating result 2008 3.6 million negative .,full-year income result was 23.6 million pounds .
"company said production volume far indicate circuit capable targeted output rate 60,000 tonne per day , 22 million tonne year .","company said production plans far exceeded the year , output rate 380,000 tonnes per day , 22 million tonne year old"
"jun . 25 , 2008 ( boy genius report delivered newstex ) -- nokia ( nyse : nok ) n78 , huh ?","jun , 25 , 2007 < cf genius report in newstex > -- nokia ( com | nok ) n78 4 huh ?"
"`` come decision based preliminary economic , operational environmental finding , `` karvinen said .","`` Final decision now on audit , plus environmental finding , `` karvinen said Wednesday"
"new majority owner aspocomp thailand co. , ltd certain private person belonging immediate circle aspocomp 's present joint venture partner , saha pathana inter-holding plc . .","new chief owner of thailand co. , ltd now another person belonging immediate circle aspocomp , top joint venture owners , saha pathana b-holding plc chairman ,"
"3.8 mln euro ( $ 5.2 mln ) base acquisition price paid cash rest subscription offering total 850,000 new ixonos share .","3.8 billion shares (+ USD 47.2 $ ) + acquisition stock + cash / subscription offering total 850,000 new ixonos share ."
"established 1987 , srv group private finnish construction concern operation finland , baltic country russia .","established 2016 , srv 2006 , finnish company law group finland , baltic country russia Israel"
business section also includes ahlstrom 's sustainability report .,business section also under Oracle 's annual report titled
"+£lemiste city environment knowledge-based economy providing work 3,300 people total turnover company amounting eek 5.4 bn , `` said +£lo p+ñrnits , chairman supervisory board +£lemiste city mainor .","+£lemiste city environment knowledge-based institutions that work 37,300 people total , company amounting eek 4.4 million , `` from +£lo p+ñrnits , a supervisory board or sector mainor ."
jacob supporting storengy 's investment developing storage site since 2006 owner 's engineer .,jacob supporting storengy takes job in the site June 2006 owner landscape engineer .
"company earlier said considering different strategic option struggling low-cost mobile operator , including divestment holding .",company earlier said considering different merger option with top-cost mobile operator through other divestment or .
"sainsbury 's , asda , tesco morrison cut petrol price oil fall ...","sainsbury 's says supermarkets , m morrison cut plans if oil fall lower"
barclays sell benchmark index unit bloomberg,barclays expands benchmark 700 unit stake
operating profit fourth quarter fell eur33m eur39m year earlier .,operating profit 9 quarters fell 5 y year vs quarter
finnish forestry company upm-kymmene waste management company lassila & tikanoja said jan. 30 planning produce ethanol energy commercial industrial waste .,finnish forestry giant E-kymmene sustainable management company lassila o r said jan. 30 has about solar energy feeding the waste .
"ism disclose financial result , daily said .","ism disclose partial result , expense income ."
"contract cover manufacturing , surface-treatment installation steel structure .","contract and fitting , surface-treatment installation , structure manufacturing"
finnish metal industry solution supplier outotec oyj net profit rose 50.4 mln euro ( $ 72.5 mln ) first nine month 2007 20.1 mln euro ( $ 28.9 mln ) period 2006 .,finnish metal industry solution supplier outotec oyj net profit rose 75.4 mln euros $ over 80.5 USD ) in full fiscal 2007 20.1 mill euro ( $ 28.9 mln ) period 2006 .
"deal , know pay sek90m ( usd12 .8 m-eur8 .6 ) cash stock .",deal by know pay = + ( .8 m-eur8 n mo cash when received
"first nine month 2010 , company 's net profit rose eur41m eur30m corresponding period 2009 .",first nine net result – Group 's net income rose eur41m above corresponding period 2009 results
"$ aapl 50dma turned , macd crossover half-a-hair away weekly . eod break likely .",$ float / turned 60 macd a go-a-hair away = . A break likely $
protalix $ 42 million cash sale .,protalix $ 42 @ cash or split
bearish outside day tuesday significant . 200 day resistance still intact . opinion $ sd http : //chart.ly/2bey48t,bearish risk bias was significant . 200 in MA well below neutral opinion $ $$ http : //chart.ly/2bey48t
right reserved .,right reserved 2
"operated nokia , supported nokia netact network service management system .",operated commercial products supported via netact network based delivery system .
"mr priit kasak , balti metsamasina 's owner , said rakvere-based company wish increase valmet 's market share 27 % third couple year .","mr and kasak in the metsamasina marketing business , said Seoul-based company held and valmet 's market share under % third couple quarters ."
shire see baxalta deal closing expected new rule,shire see baxalta futures due early new day
sainsbury cfo rogers replace home retail ceo walden,sainsbury sweet rogers more home buyers after buyers
"marathon 4.6 percent stake plx , said , according bloomberg .","marathon 8.6 percent lower plx , from Wednesday according bloomberg analyst"
"simmons elected dcuc chairman portsmouth , n.h.-gordon a. simmons , ceo service credit union , elected chairman defense credit union council 2007-2008 term .","simmons , president at portsmouth , n.h.-gordon co. k , ceo s credit union , elected treasurer Washington credit card council 2007-2008 , ."
sanoma news ' advertising sale decreased 22 % year .,sanoma news ' house sale up 7 p year .
pharmaceutical market czech republic global research & data service published recently market analysis pharmaceutical market czech republic .,pharmaceutical market analysis a global research & analysis service published by offering analysis pharmaceutical market reports major .
"finnish construction company yit reducing number start-ups market-financed residential unit 2007 2,300 previously announced 2,700 .","finnish government data reports reducing number tie-ups market-financed development spending 2007 5,300 398 2005 2,700 ."
cash flow operation recent quarter also reached eight year low .,cash flow after nine months also at eight year low .
"tietoenator 1.13 pct 18.38 , extending recent low last week 's second-quarter report , dealer said .","tietoenator 10.13 pct Feb.38 , marking 2015 low but linked into fall-quarter report — dealer said ."
maritime administration said ship ignored warning icy condition .,maritime administration said ship ignored warning on shipping rules
synergy pharma soar 67 % today positive phase 3 result $ sgyp http : //stks.co/j2awg,synergy pharma rises as sales grow ahead phase 2 - $ more alerts : //stks.co/j2awg
operating profit rose eur 1.6 mn eur 1.1 mn corresponding period 2006 .,operating yen rose eur 22.6 euro x 1.1 l with period 2017 .
"making matter difficult , company said grappling higher oil gas price , pushed cost energy , raw material transportation .","making markets difficult , company said grappling higher oil gas demand , pushed cost energy commodities and ingredient demand ."
"$ vrtx vertex . monthly -lower hi/lower lo , long term uptrend intract far","$ length x height monthly = lo/lower lo , long term uptrend - span"
financial detail disclosed .,financial details disclosed following
"include software development internet mobile telephone content , communication , value-added software , financial service , security application , system integration electronics , `` ebrd informed .","include software modules : mobile telephone content , communication , custom-added software / multimedia service & terminal application , integrated integration electronics , `` { informed }"
"yit lodged counter claim neste oil totaling eur25m , primarily based work carried contract additional cost incurred due prolongation project .","yit lodged incentive payments on oil totaling approximately , largely based work the contract additional work incurred early in project ."
follow berkshire hathaway apple stock ?,follow berkshire king apple tree followers
total amount subscription price recorded fund invested non-restricted equity .,total amount subscription price recorded except for non-restricted direct investment
"$ tsla 5th wave 1 hour chart , hammer candle developing , close 200 sma , might good spot call","$ tsla red wave 1 hour in , pink candle developing , suggesting 200 sma peak might see spot %"
"strongest growth seen new market russia , czech republic , slovakia .",strongest economy seen by market China .. czech republic . Uruguay .
tower 's engineer created 18 degree westward lean - four time inclination leaning tower pisa - using diagrid structure aligned geometrically using tekla structure bim ( building information modeling ) software .,tower 's figure presents one degree inclined lean - four time inclination leaning - pisa map using diagrid models derived geometrically from tekla structure bim ( spatial information modeling ) software .
"amer , bought salomon adidas october , said job cut aimed boosting competitiveness .","amer , the salomon gas in 21 said the cut aimed to competitiveness ."
"acando ab ( acanb s ) fell 8.9 percent 13.35 kronor , lowest close since dec. 11 .",acando ab y acanb ab . adds 8.9 percent 2.35 kronor to the volume of dec. 11 .
"measure , suominen corporation aim ensure competitiveness flexible packaging business long term .",measure both suominen corporation members ensure competitiveness flexible packaging quality and standing .
@ ifhedieshedies : @ bullhorn334 : $ znga short getting nervous '' '',@ ; | let bullhorn334 @ when znga short getting < '' :
financial statement release available publishing company 's internet page www.cargotec.com .,financial news release on publishing company 's official bookstore pages.cargotec.com SA
"world glass coming egypt invite visitor around world attend glass world exhibition 2009 , register www.glassworldex.com","world exhibition coming Sunday Over 150 around US attend glass world exhibition Atlanta , address www.glassworldex.com"
"comparable operating profit totaled eur 4.7 mn , eur 5.1 mn corresponding period 2005 , representing 7.4 % net sale .","comparable shipment volume totaled eur 4.7 is , record 5.1 was corresponding in 2005 , delivering 7.4 percent market margins ."
"raw material come europe u paid euro u dollar , sale take place ruble .",raw material - europe u paid euro u dollar higher risks take > ruble sale
"( adpnews ) - may 4 , 2010 - finnish cutlery hand tool maker fiskars oyj abp ( hel : fisa ) said today net profit declined eur 12.9 million ( usd 17m ) first quarter 2010 eur 17 million correspond",( English ) - July 4 / 2010 - small island hand tool maker fiskars oyj abp ( hel : 1 ) said today net profit soared eur 12.9 million ( usd 83 ) first quarter 2010 to 17 million Euro
"maximum 666,104 new share subscribed exercising b option 2004 stock option plan .","maximum 36,104 new shares when exercising perpetual option 2004 stock exchange plan ."
inspects company strategic strength weakness .,inspects company overall sales weakness improvement
planned closing date provided .,"planned marriage date "" ."
"lemminkainen group , headquartered helsinki , finland operates sector construction industry : civil engineering , building contracting , technical building service building material industry .","lemminkainen Australia , headquartered helsinki supports leading development sector infrastructure projects ( civil engineering v building contracting , technical building . building material gathering ."
implementation deal subject approval finnish competition authority .,implementation deal requires approval for competition notice authority
"microsoft also churned courtship , agreeing use navteq mapping service , offered company nokia bought $ 8.1 billion year ago .","microsoft also criticised users for agreeing use navteq cloud service , Spanish company nokia bought map 1.1 i month ago ."
geosolutions team provides intriguing new technology combining gps mobile-based technology together internet-based social networking .,geosolutions platform proposes thrilling new concept combining pure mobile-based technology + internet-based social networking applications
"3c expo signature show dongguan , supported dongguan municipal government every year , featuring computer accessory , software , communication network product .","3c City signature Beijing dongguan , supported the municipal government this year , featuring talent shows , games , communication ease of sale"
pharmaceutical - poland brand-new market analysis give clear overview actual situation future outlook pharmaceutical market poland .,pharmaceutical drug poland facts-new stock analysis give clear overview to situation of potential pharmaceutical for poland .
"trading new share , right dividend distribution fund , start exchange helsinki tomorrow .","trading new gold positions taking dividend from fund , currency exchange helsinki tomorrow ,"
dual-fuel engine vessel operate liquefied natural gas lng low emission .,dual-fuel engine production recovers but petrol resource lng low at .
"- among finnish share traded u , stora enso closed 0.33 pct lower 12.11 eur , upm-kymmene 0.28 pct 18.10 eur , metso 0.13 pct 31.06 eur .","- percent of share cap higher , stora share closed 0.33 pts lower 12.11 eur , upm-kymmene 0.28 - 18.10 eur share trade 0.13 pct 12.06 eur ."
"addition presentation held president & ceo kai telanne cfo tuomas itkonen , participant opportunity discus member company 's management .","addition t o president on board kai telanne ja tuomas itkonen , which opportunity invited member members of management ."
"change holding accordance chapter 2 , section 9 finnish security market act described .",change holding accordance chapter 2 n part 9 - security law act 1987 .
"capman partner , able develop business continue focus providing quality restaurant service customer , `` say christopher wynne , ceo papa john 's russia .","capman partner , able develop contract with focus making global restaurant chain customer service `` say , wynne is ceo at 70 's russia ."
crane would installed onboard two freighter ordered singaporean ship owner masterbulk .,crane would travel under two freighter - Chinese ship owner claims analysis
business divested generates consolidated net sale eur 60 million annually currently 640 employee .,business divested generates consolidated share sale eur 60 million annually now ineligible for pensions
"adpnews - feb 5 , 2010 - finnish real estate investor sponda oyj hel : sda1v said today slipped net loss eur 81.5 million usd 11.8 2009 profit eur 29.3 million 2008 .",adpnews for feb 5 th 2010 - finnish real estate firm dr oyj hel : sda1v said loss slipped past on eur 81.5 million - 11.8 million profit v 29.3 million 2008 .
"company , eur2 .8 bn asset , count among five largest shareholder finnish insurer ilmarinen 4.34 % varma 0.70 % , well finnish state pension fund ver 0.61 % .","company , eur2 .8 bn asset , gains from four vs four finnish sectors ilmarinen 4.34 % varma 0.70 % & well finnish sector pension fund t 0.61 = ."
"addition , 29 employee laid notice whole workforce laid short period needed .",addition adds 29 employees gets notice whole company laid short period needed again
@ chessnwine : $ iwm 30-minute chart . small cap threatening descending triangle breakdown $ 110.20 . http : //stks.co/r0kkm,"@ i , x iwm 30-minute walk . point cap threatening this cost breakdown is 110.20 . max => //stks.co/r0kkm"
corporate update - ( c ) 1995-2009 m2 communication ltd finnish technology group teleste corporation ( omx helsinki : tlt1v ) reported wednesday ( 4 february ) operating profit eur5 .6 net sale eur108 .7 year 2008 .,corporate profit i ( c ) 1995-2009 m2 communication ltd finnish technology group teleste corporation ( omx helsinki : tlt1v as reported wednesday on 4 february ) operating volumes eur5 .6 operating sales eur108 .7 year ended production
"stockholm-based nordea bank ( sto : nda ) said yesterday hired casper von koskull lead corporate merchant banking capital market unit , effective 1 september .",stockholm-based Fly AB ( sto : - ) said yesterday named casper von Weber for a merchant banking capital market adviser on effective 1 September .
total need staff cut corresponds 300 man-years .,total need staff cut at 300 career-years loss
finnish fiber plastic product maker suominen corporation said net loss narrowed 1.6 mln euro $ 2.0 mln first nine month 2006 2.16 mln euro $ 2.7 mln period 2005 .,finnish fiber plastic materials maker textile corporation said net loss narrowed 1.6 billion euro to 5.0 mln first nine month margin 2.16 million dollar $ 7.7 mln period 2005 loss
companiesfresnillo share jump 8 % silver price break $ 21,companiesfresnillo stumble follows 62 % silver price plunge Aug 21
bluewin security available monthly subscription .,bluewin security tools through subscription form
"operating profit eur 11.4 mn , eur 7.5 mn .",operating profit was 11.4 bl versus eur 18.5 bl rand
finnish raisio ( diagnostics ) launching new dna-based quick test ensure safety food .,finnish lab ( Flickr ) launching new lab-based HIV tracking and safety testing .
non-recurring cost caused talentum 's premedia business area restructuring amount 2.0 mln euro $ 2.7 mln included company 's financial result second quarter 2007 .,non-recurring costs caused from 's exiting euro area restructuring over 2.0 mln euro $ 2.7 mln included company 's adjusted results second term currency translation
"finnish software developer basware oyj said november 30 , 2006 u.s. subsidiary basware , inc. order provide software contract lifecycle management unnamed u.s. medical technology company .","finnish hospital developer basware Institute said January 30 , 2006 u.s. publisher basware , inc. order provide components for health management platforms d.s. medical software company ."
chain unite 45-50 centre end 2008 .,chain States top-50 centre end 2008 census
"important thing keep bank 's existing 15,000 customer .","important can keep Microsoft 's existing 15,000 client base"
price stainless steel also rose europe .,price tag which also included europe .
"sweden , gallerix accumulated sek denominated sale 1 % eur denominated sale 11 % .",sweden market gallerix accumulated sek denominated sale 51 billion eur Euro is 11 s ..
$ isrg - isrg short - http : //stks.co/f1vvu http : //stks.co/c1qrm,$ dig - u Length = long = bit.co/f1vvu - at rocks.co/c1qrm
$ dara breaking,$ Month 2008
"total 38,244 new citycon share nominal value eur 1.35 per share subscribed 19 april exercising a-b-c option based company 's stock option plan 1999 .","total 38,244 new common share nominal debt $ 1.35 k bearer acquired By persons exercising a-b-c option based at 's stock option date 1999 ."
$ aapl 'm sure short holding breath hoping miracle . lol,$ i 'm a sour - breath hoping miracle worked lol
`` management decided end 2005 increase cathode copper capacity .,`` management looking at 2005 cap cathode copper price .
image data produced browser phone server converted bitmapped image sent handset display . ``,image format introduced when phone server converted bitmapped and sent handset device . ``
shire say internal synergy goal baxalta deal higher,shire needs additional synergy takes to deal higher
one largest project magazine division sanomawsoy - sanoma magazine international 2006 became launch russian magazine gloriya .,one largest magazine was Italian - - and magazine international i became first edition magazine gloriya .
finnish airline finnair starting temporary layoff cabin crew february 2010 .,finnish airline to starting fiscal adjustment of flights since 2010 .
seller founder company .,seller founder – CEO
"foodservice consumer good market served approximately 13,000 people 54 manufacturing unit several sale office 33 country .","foodservice retail good store served approximately 13,000 outlets nationwide retail unit several sale office 33 country states"
"acquisition frozen food fish sector , long synergy l+ñnnen tehtaat 's business .","acquisition frozen food k , , kan ja l+ñnnen tehtaat iso ? ?"
$ gnrc finding support 10-day line far .,$ gnrc finding fresh three-day high far above
"transaction agreement , metsaliitto purchase 24.7 % metsa-botnia 's share upm 3 % m-real .",transaction policy whereby metsaliitto received 14.7 t ex-botnia 's share of 3 % dollar-real value
"britain 's ftse fall back ashtead , commodity pressure",britain 's shares strengthens slightly earlier on commodity pressure
sale seppala diminished 6 per cent .,sale r diminished 6 n cent higher
$ bbry bye bye sammy . hello bb . sound like 'll see green tomorrow .,$ bbry said bye sammy . — hey sorry sound like u see another day .
"capacity cut 1.4 % , passenger load factor 7.8 percentage point .","capacity from 1.4 aircraft , reducing load factor 0.8 percentage percent ."
"rockwell collins provider flight deck , cabin information management solution business aircraft operator .",rockwell collins air flight deck / cabin information management > business aircraft technology platform
"floor area yliopistonrinne project 7,900 sq building 's gross area total 12,800 sq m. total 25.1 % facility let .","floor area yliopistonrinne tanks 7,900 ps ft 's surface area total 12,800 p mt. total 25.1 Mt equity leased up"
$ nflx vision : short term consolidation movement higher http : //stks.co/j05uu,$ parallel vision : and independent longitudinal movement Fig 1 : ow.co/j05uu
"theodosopoulos said tellabs could value nokia siemens nortel given `` leading supply status `` verizon , along high-growth product .",theodosopoulos said people also value nokia siemens nortel or its leading supply status set apart by preferring lower-growth sectors .
"current position , manty worked since 1996 .",current position ± manty numbers since 1996 ...
new production plant company would increase capacity meet expected increase demand would improve use raw material therefore increase production profitability .,new production centre company would set production meet expected success rates would improve use raw mass therefore increase production profit .
analyst view : astrazeneca share seen recent volatility ; 2015 ...,analyst view : per share continues recent volatility despite strong earnings
earnings per share ( eps ) dropped eur 0.21 eur 0.31 .,earnings in person ( P ) dropped ot 15.21 eur 14.31 .
"`` transaction , tikkurila powder coatings-related operation , `` company said .","`` transaction , tikkurila and sale-related operation , the official letter said"
"arm holding plc , domino 's pizza group plc asos plc 3 must-have growth stock ?",arm holding plc buy domino 's pizza group : show leader in want-have growth drug buys
"pearl plaza llc , joint venture srv shanghai industrial investment holding co ltd , concluded investment decision construction first phase shopping center saint petersburg , russia .","pearl plaza llc economic joint venture srv shanghai industrial investment holding company b d firm investment decision construction pilot phase house complex saint mainland , China ."
measure result decreased demand technical design product information .,measure result decreased biased towards design technical information .
"finnish financial group aktia report operating profit eur 44.4 mn january-september 2009 , eur 37.3 mn corresponding period 2008 .",finnish financial environment net per average income eur 39.4 mn pre-september 2009 % up 27.3 mn corresponding period 2008 .
"key price watch $ nflx , previous double top reject , 218.23 http : //stks.co/siyn",key position change – nflx price on double top link : 218.23 USD : //stks.co/siyn
finnish glass technology company glaston oyj abp net profit decreased 2.6 mln euro ( $ 3.8 mln ) first nine month 2007 7.8 mln euro ( $ 11.4 mln ) period 2006 .,finnish glass recycling company glaston oyj s net results decreased 2.6 mln euro : $ 7.8 mln ] first nine month versus 7.8 mln euro ( £ 11.4 mln ) period 2016 6
city spirit sink diageo come short sale slide,city spirit with diageo of stock sale slide
operating loss increased eur 17mn loss eur 10.8 mn 2005 .,operating euro - eur 1 euro eur 1.8 mn dollar .
"alexandria , va. , june 7 -- michael g. williams newbury park , calif. , developed network device .","alexandria , ca. 28 mars 07 -- Martin H. de newbury company / calif. , developed network device management"
olvi posted strong set figure first six month year .,olvi posted weak GDP figure after six month year gain
stanchart rb struggle bank england stress test,stanchart folk struggle party runs stake test
"beginning year , wartsila secured order deliver four gas-fuelled main engine propulsion machinery vessel .",beginning year in wartsila secured order 22 natural gas-fuelled hydrogen tanks for machinery from .
"january-november 2009 , group 's sale totalled eur 7,801.7 mn , drop 12.6 % period 2008 .","january-november 2017 , group average shares at eur 5,801.7 mn , UP 22.6 % at end alone"
"glaxosmithkline target growth across unit , scrap viiv ipo","glaxosmithkline target directory by unit , channel und ip"
bhp billiton share price : brazil sue samarco â£3.5bn,bhp and stock additions for brazil 1 samarco 1.5bn
"come complete lcd touch screen system selection chosen function price start around pound 4,805 mark .","come complete lcd display display system selection chosen final price start around Rs 8,805 mark range"
revenue quarter fell 8 percent ( euro ) 2.4 billion compared year earlier .,revenue net rises 8 percent ( revenue ($ 5.4 billion compared months earlier .
"split , company would 26,885,540 series share 9,540,000 series k share .","split nearest company x 108,885,540 series d 96,540,000 series k shares ."
"a. le coq special developed bicentenary company trade mark , brewer said .","a. Et pays special developed pour le trade mark , brewer brut :"
arcelormittal chief executive officer lakshmi mittal already cut output furnace .,arcelormittal subsidiary El Alberto el mittal had said output furnace .
operating profit fell eur 15.1 mn eur 24.6 mn 2006 .,operating results down eur 5.1 mn to 24.6 cents 2006 -
bridge part highway 14 development project .,bridge Crossing highway 14 on project land
"kesko agro lietuva , agricultural machinery grain trader another member kesko group , boosted sale 42.9 percent 13.4 million euro , vat inclusive .","kesko agro lietuva , agricultural lobby leader ; another member in group has boosted sale 42.9 by 13.4 tonnes grain for vat inclusive ."
"( adpnews ) - dec 1 , 2009 - finnish cutlery hand tool maker fiskars oyj abp ( hel : fisa ) said today make redundant total 18 office management staff member subsidiary iittala group ltd. .","( adpnews archives - Jul 22 , 2009 - finnish cutlery collection tool by fiskars oyj abp ( hel : fisa ()) - its make redundant its back office management staff member subsidiary iittala group ltd. ."
metso foundry jyvaskyla oy discontinue production line 30 september 2008 .,metso a jyvaskyla oy shell trading Friday 4 september Posted by
sale price disclosed .,sale ) discount .
"helsinki ( afx ) - retail wholesale group kesko reported net sale 659.4 mln eur february , increase 10.8 pct year-on-year .",helsinki ( afx ). - the trading group that expects HY profit 659.4 pa eur february to grow 10.8 pct year-on-year .
"february 2011 , new wording identity document act make mobile id state-approved electronic document february 1st 2011 entered force .","february 1997 , new national identity document act make mobile id government-approved verification document february 2013 ) ( null ("
"antti orkola , president kemira growhow 's industrial solution unit , told thomson financial news company put opening mine price phosphate ` quite depressed long time ' . '","antti b , president kemira project 's technical solution unit , told world based industry they put opening mine price phosphate ` a depressed long to hence . '"
're alone .,'re . .
"2009 3 february 2010 - finland-based steel maker rautaruukki oyj ( hel : rtrks ) , ruukki , said today slipped larger-than-expected pretax loss eur46m fourth quarter 2009 year-earlier profit eur45m .","2009 30 July 2010 – finland-based steel major rautaruukki SE ( hel : rtrks ) , ruukki , said today contracted larger-than-expected pretax loss eur46m versus core 2009 year-earlier dollar profit ."
"sale savcor face cencorp result profit loss yet determined , owing factor including valuation consideration share received prevailing exchange rate .",sale savcor revenue cencorp based on loss yet determined of total income including valuation consideration share received prevailing exchange effected on
